bidder_id,name,pan,gstin,udyam_number,cin,dpiit_recognition_number,nsic_registration_number,epfo_establishment_code,employee_count,enterprise_category,declared_local_content_pct,state,target_tender_id,defects,submitted_at
G001,Nexgen Systems Pvt Ltd,UQWCN6009W,33UQWCN6009W1ZH,UDYAM-TN-00-7129851,U51603TN2017PTC084788,,,TN/CHE/3982458/000,130,Small,63,Tamil Nadu,T2026-0001,debarred,2026-09-16T14:41:00+05:30
G002,Quantum IT Solutions LLP,INOFQ4570R,08INOFQ4570R1ZJ,UDYAM-RJ-04-2466004,,,,RJ/JPR/5003801/000,43,Small,62,Rajasthan,T2026-0001,gst_cancelled|category_mismatch,2026-09-21T14:22:00+05:30
G003,Bluechip Computers Pvt Ltd,TRFCB5898G,19TRFCB5898G1ZP,UDYAM-WB-11-4891672,U90617WB2016PTC025015,,,WB/KOL/8303808/000,48,Small,60,West Bengal,T2026-0001,missing_mandatory_doc,2026-09-17T10:28:00+05:30
G004,Keystone Technologies,ONRPK2921V,27ONRPK2921V1Z4,UDYAM-MH-55-2687381,,,,MH/PUN/8608562/000,143,Small,34,Maharashtra,T2026-0001,local_content_short,2026-09-14T18:08:00+05:30
G005,Tridev IT Solutions LLP,TXZFT4231U,23TXZFT4231U1ZW,UDYAM-MP-53-5066142,,,,MP/BPL/4279738/000,14,Micro,69,Madhya Pradesh,T2026-0001,epfo_mismatch,2026-09-24T17:52:00+05:30
G006,Apex Technologies,YZSPA3823E,23YZSPA3823E1Z4,UDYAM-MP-83-6639021,,,,MP/IND/4649634/000,9,Micro,71,Madhya Pradesh,T2026-0001,none,2026-09-25T14:06:00+05:30
G007,Orbit Technologies,ATXPO9029G,24ATXPO9029G1ZG,UDYAM-GJ-91-8959481,,,,GJ/SRT/8424029/000,64,Small,79,Gujarat,T2026-0001,category_mismatch,2026-09-12T13:57:00+05:30
G008,Infosys Hardware Computers Pvt Ltd,WSCCI1920S,36WSCCI1920S1ZY,UDYAM-TG-02-9997090,U32978TG2008PTC581070,,,TG/HYD/7828748/000,136,Small,57,Telangana,T2026-0001,none,2026-09-12T10:43:00+05:30
G009,Nexgen Computers Pvt Ltd,UTYCN2889C,29UTYCN2889C1ZO,UDYAM-KA-76-9342935,U86713KA2007PTC981611,,,KA/MYS/5422054/000,125,Small,73,Karnataka,T2026-0001,none,2026-09-22T09:41:00+05:30
G010,Bluechip IT Solutions LLP,NYXFB6887I,09NYXFB6887I1ZO,UDYAM-UP-87-3697135,,,,UP/NOI/3226692/000,133,Small,66,Uttar Pradesh,T2026-0001,epfo_mismatch,2026-09-21T18:39:00+05:30
G011,Pinnacle Technologies,XNCPP0230D,24XNCPP0230D1ZM,UDYAM-GJ-94-9277416,,,,GJ/SRT/5313766/000,88,Small,61,Gujarat,T2026-0001,none,2026-09-14T16:15:00+05:30
G012,Frostline Facility Services Pvt Ltd,LRVCF8356D,07LRVCF8356D1ZA,UDYAM-DL-84-3746316,U00511DL2021PTC286374,,,DL/SDL/3189731/000,95,Small,,Delhi,T2026-0002,epfo_mismatch,2026-09-12T15:32:00+05:30
G013,Aircare HVAC Services,SQIPA6840B,19SQIPA6840B1ZA,UDYAM-WB-50-6762324,,,,WB/KOL/7860691/000,90,Small,,West Bengal,T2026-0002,epfo_mismatch,2026-09-25T16:32:00+05:30
G014,Coolair Aircon Services LLP,IMDFC0547Y,32IMDFC0547Y1ZA,UDYAM-KL-06-0945195,,,,KL/TVM/0201040/000,374,Medium,,Kerala,T2026-0002,none,2026-09-15T17:28:00+05:30
G015,Aircare Facility Services Pvt Ltd,RJKCA9858K,19RJKCA9858K1ZN,UDYAM-WB-85-8991711,U69264WB2013PTC907700,,,WB/KOL/2889582/000,168,Medium,,West Bengal,T2026-0002,none,2026-09-13T15:54:00+05:30
G016,Himalaya HVAC Services,TRRPH0264E,32TRRPH0264E1ZG,UDYAM-KL-44-7113156,,,,KL/TVM/2275135/000,19,Micro,,Kerala,T2026-0002,epfo_mismatch,2026-09-23T09:00:00+05:30
G017,Sheetal Facility Services Pvt Ltd,YRFCS8894P,24YRFCS8894P1ZO,UDYAM-GJ-26-5437475,U55973GJ2016PTC096730,,,GJ/AMD/9787884/000,69,Small,,Gujarat,T2026-0002,none,2026-09-18T18:58:00+05:30
G018,Breeze Facility Services Pvt Ltd,OTTCB3649I,06OTTCB3649I1Z8,UDYAM-HR-14-4889731,U46425HR2007PTC023895,,,HR/GGN/7388920/000,356,Medium,,Haryana,T2026-0002,none,2026-09-26T10:51:00+05:30
G019,Arctic Facility Services Pvt Ltd,VHUCA2087S,36VHUCA2087S1ZJ,UDYAM-TG-03-5075127,U09647TG2019PTC478207,,,TG/HYD/4170070/000,64,Small,,Telangana,T2026-0002,none,2026-09-13T17:40:00+05:30
G020,Durafab Steel Industries,YSUPD3827Y,09YSUPD3827Y1ZG,UDYAM-UP-10-4067066,,,,UP/NOI/1429642/000,112,Small,80,Uttar Pradesh,T2026-0003,gst_cancelled,2026-09-13T11:04:00+05:30
G021,Ironwood Interiors LLP,LKEFI1978G,07LKEFI1978G1ZY,UDYAM-DL-05-4577637,,,,DL/SDL/4381506/000,42,Small,74,Delhi,T2026-0003,gst_cancelled,2026-09-14T18:07:00+05:30
G022,Godavari Furniture Works,GRCPG5582A,06GRCPG5582A1Z7,UDYAM-HR-07-3994643,,,,HR/FBD/5660272/000,35,Small,53,Haryana,T2026-0003,gst_name_mismatch,2026-09-22T10:54:00+05:30
G023,Rathore Furniture Works,LJHPR1211Q,36LJHPR1211Q1Z3,UDYAM-TG-14-6053154,,,,TG/HYD/9650117/000,89,Small,70,Telangana,T2026-0003,gst_name_mismatch,2026-09-14T12:09:00+05:30
G024,Ironwood Fabricators Pvt Ltd,ZYFCI2911P,24ZYFCI2911P1Z8,UDYAM-GJ-34-0978099,U17643GJ2011PTC302880,,,GJ/AMD/8598454/000,21,Small,28,Gujarat,T2026-0003,local_content_short,2026-09-19T11:19:00+05:30
G025,Sturdy Steel Industries,UTZPS1648D,32UTZPS1648D1ZZ,UDYAM-KL-75-4735609,,,,KL/TVM/9461234/000,88,Small,68,Kerala,T2026-0003,none,2026-09-11T16:49:00+05:30
G026,Vishwakarma Furniture Works,MEIPV9086U,19MEIPV9086U1Z3,UDYAM-WB-19-8577043,,,,WB/KOL/0398084/000,8,Micro,78,West Bengal,T2026-0003,gst_suspended,2026-09-25T09:40:00+05:30
G027,Vishwakarma Fabricators Pvt Ltd,EEKCV1199E,27EEKCV1199E1ZY,UDYAM-MH-63-4856647,U07903MH2019PTC074854,,,MH/NAG/6779220/000,118,Small,62,Maharashtra,T2026-0003,none,2026-09-12T15:06:00+05:30
G028,Sturdy Interiors LLP,KJNFS2313E,29KJNFS2313E1Z6,UDYAM-KA-13-5150202,,,,KA/BLR/7034397/000,112,Small,74,Karnataka,T2026-0003,category_mismatch,2026-09-19T16:56:00+05:30
G029,Infohire Staffing Solutions LLP,IVKFI8804G,24IVKFI8804G1ZR,UDYAM-GJ-23-5790707,,,,GJ/SRT/3143761/000,27,Small,,Gujarat,T2026-0004,epfo_mismatch,2026-09-22T17:19:00+05:30
G030,Peopleline Services Pvt Ltd,HTACP5552G,32HTACP5552G1ZF,UDYAM-KL-09-3314556,U28824KL2021PTC477324,,,KL/TVM/6968963/000,18,Micro,,Kerala,T2026-0004,epfo_mismatch,2026-09-12T16:29:00+05:30
G031,Staffmart Staffing Solutions LLP,CSBFS5407D,09CSBFS5407D1Z3,UDYAM-UP-76-4789550,,,,UP/NOI/3131913/000,216,Medium,,Uttar Pradesh,T2026-0004,category_mismatch|gst_name_mismatch,2026-09-13T09:07:00+05:30
G032,Talentbridge Consultants,RATPT6457R,32RATPT6457R1ZY,UDYAM-KL-25-2114943,,,,KL/TVM/8618144/000,148,Small,,Kerala,T2026-0004,none,2026-09-21T11:19:00+05:30
G033,Skillnet Staffing Solutions LLP,MWTFS5203B,06MWTFS5203B1ZL,UDYAM-HR-59-7732067,,,,HR/GGN/8842249/000,67,Small,,Haryana,T2026-0004,none,2026-09-11T11:55:00+05:30
G034,Techforce Consultants,LNSPT7713P,07LNSPT7713P1Z0,UDYAM-DL-27-7270491,,,,DL/SDL/6609401/000,360,Medium,,Delhi,T2026-0004,none,2026-09-24T10:03:00+05:30
G035,Codecraft Consultants,FINPC2959J,27FINPC2959J1ZH,UDYAM-MH-49-1712852,,,,MH/PUN/8271131/000,287,Medium,,Maharashtra,T2026-0004,epfo_mismatch,2026-09-26T09:18:00+05:30
G036,Staffmart Consultants,XCFPS1866V,06XCFPS1866V1Z8,UDYAM-HR-30-4763739,,,,HR/GGN/7493056/000,267,Medium,,Haryana,T2026-0004,epfo_mismatch,2026-09-21T15:10:00+05:30
G037,Peopleline Consultants,EHZPP4109T,32EHZPP4109T1ZH,UDYAM-KL-15-4504669,,,,KL/KOC/4972354/000,366,Medium,,Kerala,T2026-0004,none,2026-09-10T10:57:00+05:30
G038,Workforce Services Pvt Ltd,HVVCW8975V,08HVVCW8975V1ZL,UDYAM-RJ-64-3997870,U57040RJ2021PTC684675,,,RJ/JPR/5603774/000,34,Small,,Rajasthan,T2026-0004,category_mismatch,2026-09-14T16:49:00+05:30
G039,Suryoday Energy Systems LLP,ELCFS7332S,09ELCFS7332S1ZM,UDYAM-UP-75-3849217,,,,UP/NOI/8485757/000,60,Small,60,Uttar Pradesh,T2026-0005,debarred,2026-09-15T13:04:00+05:30
G040,Ujjwal Solar Pvt Ltd,ADZCU1188F,32ADZCU1188F1ZV,UDYAM-KL-98-7457631,U95662KL2006PTC711576,,,KL/TVM/9956618/000,78,Small,76,Kerala,T2026-0005,missing_mandatory_doc,2026-09-25T15:01:00+05:30
G041,Sunshakti Green Energy,MUWPS1384Z,08MUWPS1384Z1ZH,UDYAM-RJ-16-0303202,,,,RJ/JPR/3098369/000,63,Small,68,Rajasthan,T2026-0005,gst_suspended|gst_cancelled,2026-09-19T09:16:00+05:30
G042,Sunshakti Solar Pvt Ltd,HHTCS6780X,36HHTCS6780X1ZJ,UDYAM-TG-85-2038502,U72043TG2013PTC720938,,,TG/HYD/2067636/000,42,Small,60,Telangana,T2026-0005,gst_cancelled,2026-09-12T16:09:00+05:30
G043,Tejas Green Energy,KMOPT0905U,06KMOPT0905U1ZL,UDYAM-HR-29-9338992,,,,HR/FBD/2717297/000,128,Small,82,Haryana,T2026-0005,none,2026-09-10T11:33:00+05:30
G044,Tejas Solar Pvt Ltd,TSZCT4958Z,09TSZCT4958Z1ZX,UDYAM-UP-93-3116137,U93392UP2005PTC880622,,,UP/NOI/0665696/000,13,Micro,88,Uttar Pradesh,T2026-0005,none,2026-09-10T15:49:00+05:30
G045,Prakash Green Energy,OVJPP4518A,29OVJPP4518A1ZS,UDYAM-KA-28-3036585,,,,KA/BLR/3291194/000,118,Small,63,Karnataka,T2026-0005,epfo_mismatch,2026-09-20T12:02:00+05:30
G046,Ujjwal Energy Systems LLP,RWQFU6459P,19RWQFU6459P1ZF,UDYAM-WB-50-0984143,,,,WB/KOL/4073203/000,79,Small,67,West Bengal,T2026-0005,gst_name_mismatch,2026-09-24T10:44:00+05:30
G047,Tejas Energy Systems LLP,DFDFT2331T,09DFDFT2331T1ZT,UDYAM-UP-49-1694158,,,,UP/NOI/1512584/000,121,Small,81,Uttar Pradesh,T2026-0005,gst_suspended|missing_mandatory_doc,2026-09-24T11:22:00+05:30
G048,Fortress Guarding Solutions,YLYPF1499V,32YLYPF1499V1ZF,UDYAM-KL-69-0552556,,,,KL/TVM/1146220/000,348,Medium,,Kerala,T2026-0006,gst_cancelled,2026-09-16T11:36:00+05:30
G049,Eagle Eye Protection Services LLP,DGFFE6094P,29DGFFE6094P1ZR,UDYAM-KA-43-1881614,,,,KA/MYS/6129013/000,144,Small,,Karnataka,T2026-0006,category_mismatch|epfo_mismatch,2026-09-24T15:10:00+05:30
G050,Eagle Eye Security Services,FCIPE4697E,19FCIPE4697E1ZF,UDYAM-WB-26-8511669,,,,WB/KOL/3815921/000,213,Medium,,West Bengal,T2026-0006,gst_suspended|category_mismatch,2026-09-25T15:01:00+05:30
G051,Suraksha Security Agency Pvt Ltd,KYVCS9130P,29KYVCS9130P1ZK,UDYAM-KA-54-6190997,U34662KA2017PTC691739,,,KA/BLR/6931191/000,91,Small,,Karnataka,T2026-0006,none,2026-09-19T15:02:00+05:30
G052,Garuda Security Agency Pvt Ltd,IONCG5070B,29IONCG5070B1Z3,UDYAM-KA-62-4005627,U72988KA2017PTC433605,,,KA/BLR/5291382/000,50,Small,,Karnataka,T2026-0006,gst_name_mismatch|gst_cancelled,2026-09-13T18:35:00+05:30
G053,Suraksha Guarding Solutions,UNPPS1966L,06UNPPS1966L1ZI,UDYAM-HR-45-3643032,,,,HR/GGN/8988444/000,8,Micro,,Haryana,T2026-0006,none,2026-09-13T17:53:00+05:30
G054,Suraksha Security Services,OPUPS5722T,29OPUPS5722T1Z0,UDYAM-KA-27-7585237,,,,KA/MYS/9589880/000,142,Medium,,Karnataka,T2026-0006,none,2026-09-21T15:10:00+05:30
G055,Kavach Guarding Solutions,ZOBPK8581A,27ZOBPK8581A1Z7,UDYAM-MH-30-6254226,,,,MH/NAG/6898992/000,42,Small,,Maharashtra,T2026-0006,gst_cancelled,2026-09-19T09:52:00+05:30
G056,Shield Security Agency Pvt Ltd,XGLCS5382P,33XGLCS5382P1ZE,UDYAM-TN-24-1846759,U47045TN2019PTC970675,,,TN/CBE/9493112/000,98,Small,,Tamil Nadu,T2026-0006,none,2026-09-12T13:23:00+05:30
G057,Garuda Protection Services LLP,WRAFG4121Y,24WRAFG4121Y1ZQ,UDYAM-GJ-50-8119657,,,,GJ/AMD/8743873/000,136,Small,,Gujarat,T2026-0006,missing_mandatory_doc|gst_name_mismatch,2026-09-14T15:59:00+05:30
