bid_id,bidder_id,tender_id,criterion_code,declared_value,declared_at,note,declaration_id
BID-G001-T2026-0001,G001,T2026-0001,enterprise_category_self_declared,Small,2026-09-16,,GD0001
BID-G001-T2026-0001,G001,T2026-0001,local_content_pct_self_declared,63,2026-09-16,,GD0002
BID-G002-T2026-0001,G002,T2026-0001,enterprise_category_self_declared,Small,2026-09-21,,GD0003
BID-G002-T2026-0001,G002,T2026-0001,local_content_pct_self_declared,62,2026-09-21,,GD0004
BID-G003-T2026-0001,G003,T2026-0001,enterprise_category_self_declared,Small,2026-09-17,,GD0005
BID-G003-T2026-0001,G003,T2026-0001,local_content_pct_self_declared,60,2026-09-17,,GD0006
BID-G004-T2026-0001,G004,T2026-0001,enterprise_category_self_declared,Small,2026-09-14,,GD0007
BID-G004-T2026-0001,G004,T2026-0001,local_content_pct_self_declared,34,2026-09-14,,GD0008
BID-G005-T2026-0001,G005,T2026-0001,enterprise_category_self_declared,Micro,2026-09-24,,GD0009
BID-G005-T2026-0001,G005,T2026-0001,local_content_pct_self_declared,69,2026-09-24,,GD0010
BID-G006-T2026-0001,G006,T2026-0001,enterprise_category_self_declared,Micro,2026-09-25,,GD0011
BID-G006-T2026-0001,G006,T2026-0001,local_content_pct_self_declared,71,2026-09-25,,GD0012
BID-G007-T2026-0001,G007,T2026-0001,enterprise_category_self_declared,Small,2026-09-12,,GD0013
BID-G007-T2026-0001,G007,T2026-0001,local_content_pct_self_declared,79,2026-09-12,,GD0014
BID-G008-T2026-0001,G008,T2026-0001,enterprise_category_self_declared,Small,2026-09-12,,GD0015
BID-G008-T2026-0001,G008,T2026-0001,local_content_pct_self_declared,57,2026-09-12,,GD0016
BID-G009-T2026-0001,G009,T2026-0001,enterprise_category_self_declared,Small,2026-09-22,,GD0017
BID-G009-T2026-0001,G009,T2026-0001,local_content_pct_self_declared,73,2026-09-22,,GD0018
BID-G010-T2026-0001,G010,T2026-0001,enterprise_category_self_declared,Small,2026-09-21,,GD0019
BID-G010-T2026-0001,G010,T2026-0001,local_content_pct_self_declared,66,2026-09-21,,GD0020
BID-G011-T2026-0001,G011,T2026-0001,enterprise_category_self_declared,Small,2026-09-14,,GD0021
BID-G011-T2026-0001,G011,T2026-0001,local_content_pct_self_declared,61,2026-09-14,,GD0022
BID-G012-T2026-0002,G012,T2026-0002,enterprise_category_self_declared,Small,2026-09-12,,GD0023
BID-G013-T2026-0002,G013,T2026-0002,enterprise_category_self_declared,Small,2026-09-25,,GD0024
BID-G014-T2026-0002,G014,T2026-0002,enterprise_category_self_declared,Medium,2026-09-15,,GD0025
BID-G015-T2026-0002,G015,T2026-0002,enterprise_category_self_declared,Medium,2026-09-13,,GD0026
BID-G016-T2026-0002,G016,T2026-0002,enterprise_category_self_declared,Micro,2026-09-23,,GD0027
BID-G017-T2026-0002,G017,T2026-0002,enterprise_category_self_declared,Small,2026-09-18,,GD0028
BID-G018-T2026-0002,G018,T2026-0002,enterprise_category_self_declared,Medium,2026-09-26,,GD0029
BID-G019-T2026-0002,G019,T2026-0002,enterprise_category_self_declared,Small,2026-09-13,,GD0030
BID-G020-T2026-0003,G020,T2026-0003,enterprise_category_self_declared,Small,2026-09-13,,GD0031
BID-G020-T2026-0003,G020,T2026-0003,local_content_pct_self_declared,80,2026-09-13,,GD0032
BID-G021-T2026-0003,G021,T2026-0003,enterprise_category_self_declared,Small,2026-09-14,,GD0033
BID-G021-T2026-0003,G021,T2026-0003,local_content_pct_self_declared,74,2026-09-14,,GD0034
BID-G022-T2026-0003,G022,T2026-0003,enterprise_category_self_declared,Small,2026-09-22,,GD0035
BID-G022-T2026-0003,G022,T2026-0003,local_content_pct_self_declared,53,2026-09-22,,GD0036
BID-G023-T2026-0003,G023,T2026-0003,enterprise_category_self_declared,Small,2026-09-14,,GD0037
BID-G023-T2026-0003,G023,T2026-0003,local_content_pct_self_declared,70,2026-09-14,,GD0038
BID-G024-T2026-0003,G024,T2026-0003,enterprise_category_self_declared,Small,2026-09-19,,GD0039
BID-G024-T2026-0003,G024,T2026-0003,local_content_pct_self_declared,28,2026-09-19,,GD0040
BID-G025-T2026-0003,G025,T2026-0003,enterprise_category_self_declared,Small,2026-09-11,,GD0041
BID-G025-T2026-0003,G025,T2026-0003,local_content_pct_self_declared,68,2026-09-11,,GD0042
BID-G026-T2026-0003,G026,T2026-0003,enterprise_category_self_declared,Micro,2026-09-25,,GD0043
BID-G026-T2026-0003,G026,T2026-0003,local_content_pct_self_declared,78,2026-09-25,,GD0044
BID-G027-T2026-0003,G027,T2026-0003,enterprise_category_self_declared,Small,2026-09-12,,GD0045
BID-G027-T2026-0003,G027,T2026-0003,local_content_pct_self_declared,62,2026-09-12,,GD0046
BID-G028-T2026-0003,G028,T2026-0003,enterprise_category_self_declared,Small,2026-09-19,,GD0047
BID-G028-T2026-0003,G028,T2026-0003,local_content_pct_self_declared,74,2026-09-19,,GD0048
BID-G029-T2026-0004,G029,T2026-0004,enterprise_category_self_declared,Small,2026-09-22,,GD0049
BID-G030-T2026-0004,G030,T2026-0004,enterprise_category_self_declared,Micro,2026-09-12,,GD0050
BID-G031-T2026-0004,G031,T2026-0004,enterprise_category_self_declared,Medium,2026-09-13,,GD0051
BID-G032-T2026-0004,G032,T2026-0004,enterprise_category_self_declared,Small,2026-09-21,,GD0052
BID-G033-T2026-0004,G033,T2026-0004,enterprise_category_self_declared,Small,2026-09-11,,GD0053
BID-G034-T2026-0004,G034,T2026-0004,enterprise_category_self_declared,Medium,2026-09-24,,GD0054
BID-G035-T2026-0004,G035,T2026-0004,enterprise_category_self_declared,Medium,2026-09-26,,GD0055
BID-G036-T2026-0004,G036,T2026-0004,enterprise_category_self_declared,Medium,2026-09-21,,GD0056
BID-G037-T2026-0004,G037,T2026-0004,enterprise_category_self_declared,Medium,2026-09-10,,GD0057
BID-G038-T2026-0004,G038,T2026-0004,enterprise_category_self_declared,Small,2026-09-14,,GD0058
BID-G039-T2026-0005,G039,T2026-0005,enterprise_category_self_declared,Small,2026-09-15,,GD0059
BID-G039-T2026-0005,G039,T2026-0005,local_content_pct_self_declared,60,2026-09-15,,GD0060
BID-G040-T2026-0005,G040,T2026-0005,enterprise_category_self_declared,Small,2026-09-25,,GD0061
BID-G040-T2026-0005,G040,T2026-0005,local_content_pct_self_declared,76,2026-09-25,,GD0062
BID-G041-T2026-0005,G041,T2026-0005,enterprise_category_self_declared,Small,2026-09-19,,GD0063
BID-G041-T2026-0005,G041,T2026-0005,local_content_pct_self_declared,68,2026-09-19,,GD0064
BID-G042-T2026-0005,G042,T2026-0005,enterprise_category_self_declared,Small,2026-09-12,,GD0065
BID-G042-T2026-0005,G042,T2026-0005,local_content_pct_self_declared,60,2026-09-12,,GD0066
BID-G043-T2026-0005,G043,T2026-0005,enterprise_category_self_declared,Small,2026-09-10,,GD0067
BID-G043-T2026-0005,G043,T2026-0005,local_content_pct_self_declared,82,2026-09-10,,GD0068
BID-G044-T2026-0005,G044,T2026-0005,enterprise_category_self_declared,Micro,2026-09-10,,GD0069
BID-G044-T2026-0005,G044,T2026-0005,local_content_pct_self_declared,88,2026-09-10,,GD0070
BID-G045-T2026-0005,G045,T2026-0005,enterprise_category_self_declared,Small,2026-09-20,,GD0071
BID-G045-T2026-0005,G045,T2026-0005,local_content_pct_self_declared,63,2026-09-20,,GD0072
BID-G046-T2026-0005,G046,T2026-0005,enterprise_category_self_declared,Small,2026-09-24,,GD0073
BID-G046-T2026-0005,G046,T2026-0005,local_content_pct_self_declared,67,2026-09-24,,GD0074
BID-G047-T2026-0005,G047,T2026-0005,enterprise_category_self_declared,Small,2026-09-24,,GD0075
BID-G047-T2026-0005,G047,T2026-0005,local_content_pct_self_declared,81,2026-09-24,,GD0076
BID-G048-T2026-0006,G048,T2026-0006,enterprise_category_self_declared,Medium,2026-09-16,,GD0077
BID-G049-T2026-0006,G049,T2026-0006,enterprise_category_self_declared,Small,2026-09-24,,GD0078
BID-G050-T2026-0006,G050,T2026-0006,enterprise_category_self_declared,Medium,2026-09-25,,GD0079
BID-G051-T2026-0006,G051,T2026-0006,enterprise_category_self_declared,Small,2026-09-19,,GD0080
BID-G052-T2026-0006,G052,T2026-0006,enterprise_category_self_declared,Small,2026-09-13,,GD0081
BID-G053-T2026-0006,G053,T2026-0006,enterprise_category_self_declared,Micro,2026-09-13,,GD0082
BID-G054-T2026-0006,G054,T2026-0006,enterprise_category_self_declared,Medium,2026-09-21,,GD0083
BID-G055-T2026-0006,G055,T2026-0006,enterprise_category_self_declared,Small,2026-09-19,,GD0084
BID-G056-T2026-0006,G056,T2026-0006,enterprise_category_self_declared,Small,2026-09-12,,GD0085
BID-G057-T2026-0006,G057,T2026-0006,enterprise_category_self_declared,Small,2026-09-14,,GD0086
