bid_id,bidder_id,tender_id,document_type,submitted,file_ref,note,submission_id
BID-G001-T2026-0001,G001,T2026-0001,OEM_AUTHORIZATION_LETTER,TRUE,doc/G001/oem_authorization_letter.pdf,,GS0001
BID-G001-T2026-0001,G001,T2026-0001,MII_LOCAL_CONTENT_SELF_CERTIFICATE,TRUE,doc/G001/mii_local_content_self_certificate.pdf,,GS0002
BID-G001-T2026-0001,G001,T2026-0001,TURNOVER_CERTIFICATE_CA,TRUE,doc/G001/turnover_certificate_ca.pdf,,GS0003
BID-G001-T2026-0001,G001,T2026-0001,EMD_EXEMPTION_PROOF,TRUE,doc/G001/emd_exemption_proof.pdf,,GS0004
BID-G001-T2026-0001,G001,T2026-0001,GST_CERTIFICATE,TRUE,doc/G001/gst_certificate.pdf,,GS0005
BID-G002-T2026-0001,G002,T2026-0001,OEM_AUTHORIZATION_LETTER,TRUE,doc/G002/oem_authorization_letter.pdf,,GS0006
BID-G002-T2026-0001,G002,T2026-0001,MII_LOCAL_CONTENT_SELF_CERTIFICATE,TRUE,doc/G002/mii_local_content_self_certificate.pdf,,GS0007
BID-G002-T2026-0001,G002,T2026-0001,TURNOVER_CERTIFICATE_CA,TRUE,doc/G002/turnover_certificate_ca.pdf,,GS0008
BID-G002-T2026-0001,G002,T2026-0001,EMD_EXEMPTION_PROOF,TRUE,doc/G002/emd_exemption_proof.pdf,,GS0009
BID-G002-T2026-0001,G002,T2026-0001,GST_CERTIFICATE,TRUE,doc/G002/gst_certificate.pdf,,GS0010
BID-G003-T2026-0001,G003,T2026-0001,OEM_AUTHORIZATION_LETTER,FALSE,,Not submitted - Annexure VII - OEM Authorization Certificate is mandatory for this tender,GS0011
BID-G003-T2026-0001,G003,T2026-0001,MII_LOCAL_CONTENT_SELF_CERTIFICATE,TRUE,doc/G003/mii_local_content_self_certificate.pdf,,GS0012
BID-G003-T2026-0001,G003,T2026-0001,TURNOVER_CERTIFICATE_CA,TRUE,doc/G003/turnover_certificate_ca.pdf,,GS0013
BID-G003-T2026-0001,G003,T2026-0001,EMD_EXEMPTION_PROOF,TRUE,doc/G003/emd_exemption_proof.pdf,,GS0014
BID-G003-T2026-0001,G003,T2026-0001,GST_CERTIFICATE,TRUE,doc/G003/gst_certificate.pdf,,GS0015
BID-G004-T2026-0001,G004,T2026-0001,OEM_AUTHORIZATION_LETTER,TRUE,doc/G004/oem_authorization_letter.pdf,,GS0016
BID-G004-T2026-0001,G004,T2026-0001,MII_LOCAL_CONTENT_SELF_CERTIFICATE,TRUE,doc/G004/mii_local_content_self_certificate.pdf,,GS0017
BID-G004-T2026-0001,G004,T2026-0001,TURNOVER_CERTIFICATE_CA,TRUE,doc/G004/turnover_certificate_ca.pdf,,GS0018
BID-G004-T2026-0001,G004,T2026-0001,EMD_EXEMPTION_PROOF,TRUE,doc/G004/emd_exemption_proof.pdf,,GS0019
BID-G004-T2026-0001,G004,T2026-0001,GST_CERTIFICATE,TRUE,doc/G004/gst_certificate.pdf,,GS0020
BID-G005-T2026-0001,G005,T2026-0001,OEM_AUTHORIZATION_LETTER,TRUE,doc/G005/oem_authorization_letter.pdf,,GS0021
BID-G005-T2026-0001,G005,T2026-0001,MII_LOCAL_CONTENT_SELF_CERTIFICATE,TRUE,doc/G005/mii_local_content_self_certificate.pdf,,GS0022
BID-G005-T2026-0001,G005,T2026-0001,TURNOVER_CERTIFICATE_CA,TRUE,doc/G005/turnover_certificate_ca.pdf,,GS0023
BID-G005-T2026-0001,G005,T2026-0001,EMD_EXEMPTION_PROOF,TRUE,doc/G005/emd_exemption_proof.pdf,,GS0024
BID-G005-T2026-0001,G005,T2026-0001,GST_CERTIFICATE,TRUE,doc/G005/gst_certificate.pdf,,GS0025
BID-G006-T2026-0001,G006,T2026-0001,OEM_AUTHORIZATION_LETTER,TRUE,doc/G006/oem_authorization_letter.pdf,,GS0026
BID-G006-T2026-0001,G006,T2026-0001,MII_LOCAL_CONTENT_SELF_CERTIFICATE,TRUE,doc/G006/mii_local_content_self_certificate.pdf,,GS0027
BID-G006-T2026-0001,G006,T2026-0001,TURNOVER_CERTIFICATE_CA,TRUE,doc/G006/turnover_certificate_ca.pdf,,GS0028
BID-G006-T2026-0001,G006,T2026-0001,EMD_EXEMPTION_PROOF,TRUE,doc/G006/emd_exemption_proof.pdf,,GS0029
BID-G006-T2026-0001,G006,T2026-0001,GST_CERTIFICATE,TRUE,doc/G006/gst_certificate.pdf,,GS0030
BID-G007-T2026-0001,G007,T2026-0001,OEM_AUTHORIZATION_LETTER,TRUE,doc/G007/oem_authorization_letter.pdf,,GS0031
BID-G007-T2026-0001,G007,T2026-0001,MII_LOCAL_CONTENT_SELF_CERTIFICATE,TRUE,doc/G007/mii_local_content_self_certificate.pdf,,GS0032
BID-G007-T2026-0001,G007,T2026-0001,TURNOVER_CERTIFICATE_CA,TRUE,doc/G007/turnover_certificate_ca.pdf,,GS0033
BID-G007-T2026-0001,G007,T2026-0001,EMD_EXEMPTION_PROOF,TRUE,doc/G007/emd_exemption_proof.pdf,,GS0034
BID-G007-T2026-0001,G007,T2026-0001,GST_CERTIFICATE,TRUE,doc/G007/gst_certificate.pdf,,GS0035
BID-G008-T2026-0001,G008,T2026-0001,OEM_AUTHORIZATION_LETTER,TRUE,doc/G008/oem_authorization_letter.pdf,,GS0036
BID-G008-T2026-0001,G008,T2026-0001,MII_LOCAL_CONTENT_SELF_CERTIFICATE,TRUE,doc/G008/mii_local_content_self_certificate.pdf,,GS0037
BID-G008-T2026-0001,G008,T2026-0001,TURNOVER_CERTIFICATE_CA,TRUE,doc/G008/turnover_certificate_ca.pdf,,GS0038
BID-G008-T2026-0001,G008,T2026-0001,EMD_EXEMPTION_PROOF,TRUE,doc/G008/emd_exemption_proof.pdf,,GS0039
BID-G008-T2026-0001,G008,T2026-0001,GST_CERTIFICATE,TRUE,doc/G008/gst_certificate.pdf,,GS0040
BID-G009-T2026-0001,G009,T2026-0001,OEM_AUTHORIZATION_LETTER,TRUE,doc/G009/oem_authorization_letter.pdf,,GS0041
BID-G009-T2026-0001,G009,T2026-0001,MII_LOCAL_CONTENT_SELF_CERTIFICATE,TRUE,doc/G009/mii_local_content_self_certificate.pdf,,GS0042
BID-G009-T2026-0001,G009,T2026-0001,TURNOVER_CERTIFICATE_CA,TRUE,doc/G009/turnover_certificate_ca.pdf,,GS0043
BID-G009-T2026-0001,G009,T2026-0001,EMD_EXEMPTION_PROOF,TRUE,doc/G009/emd_exemption_proof.pdf,,GS0044
BID-G009-T2026-0001,G009,T2026-0001,GST_CERTIFICATE,TRUE,doc/G009/gst_certificate.pdf,,GS0045
BID-G010-T2026-0001,G010,T2026-0001,OEM_AUTHORIZATION_LETTER,TRUE,doc/G010/oem_authorization_letter.pdf,,GS0046
BID-G010-T2026-0001,G010,T2026-0001,MII_LOCAL_CONTENT_SELF_CERTIFICATE,TRUE,doc/G010/mii_local_content_self_certificate.pdf,,GS0047
BID-G010-T2026-0001,G010,T2026-0001,TURNOVER_CERTIFICATE_CA,TRUE,doc/G010/turnover_certificate_ca.pdf,,GS0048
BID-G010-T2026-0001,G010,T2026-0001,EMD_EXEMPTION_PROOF,TRUE,doc/G010/emd_exemption_proof.pdf,,GS0049
BID-G010-T2026-0001,G010,T2026-0001,GST_CERTIFICATE,TRUE,doc/G010/gst_certificate.pdf,,GS0050
BID-G011-T2026-0001,G011,T2026-0001,OEM_AUTHORIZATION_LETTER,TRUE,doc/G011/oem_authorization_letter.pdf,,GS0051
BID-G011-T2026-0001,G011,T2026-0001,MII_LOCAL_CONTENT_SELF_CERTIFICATE,TRUE,doc/G011/mii_local_content_self_certificate.pdf,,GS0052
BID-G011-T2026-0001,G011,T2026-0001,TURNOVER_CERTIFICATE_CA,TRUE,doc/G011/turnover_certificate_ca.pdf,,GS0053
BID-G011-T2026-0001,G011,T2026-0001,EMD_EXEMPTION_PROOF,TRUE,doc/G011/emd_exemption_proof.pdf,,GS0054
BID-G011-T2026-0001,G011,T2026-0001,GST_CERTIFICATE,TRUE,doc/G011/gst_certificate.pdf,,GS0055
BID-G012-T2026-0002,G012,T2026-0002,PAST_EXPERIENCE_PROOF,TRUE,doc/G012/past_experience_proof.pdf,,GS0056
BID-G012-T2026-0002,G012,T2026-0002,EPFO_ESIC_COMPLIANCE_CERTIFICATE,TRUE,doc/G012/epfo_esic_compliance_certificate.pdf,,GS0057
BID-G012-T2026-0002,G012,T2026-0002,GST_CERTIFICATE,TRUE,doc/G012/gst_certificate.pdf,,GS0058
BID-G013-T2026-0002,G013,T2026-0002,PAST_EXPERIENCE_PROOF,TRUE,doc/G013/past_experience_proof.pdf,,GS0059
BID-G013-T2026-0002,G013,T2026-0002,EPFO_ESIC_COMPLIANCE_CERTIFICATE,TRUE,doc/G013/epfo_esic_compliance_certificate.pdf,,GS0060
BID-G013-T2026-0002,G013,T2026-0002,GST_CERTIFICATE,TRUE,doc/G013/gst_certificate.pdf,,GS0061
BID-G014-T2026-0002,G014,T2026-0002,PAST_EXPERIENCE_PROOF,TRUE,doc/G014/past_experience_proof.pdf,,GS0062
BID-G014-T2026-0002,G014,T2026-0002,EPFO_ESIC_COMPLIANCE_CERTIFICATE,TRUE,doc/G014/epfo_esic_compliance_certificate.pdf,,GS0063
BID-G014-T2026-0002,G014,T2026-0002,GST_CERTIFICATE,TRUE,doc/G014/gst_certificate.pdf,,GS0064
BID-G015-T2026-0002,G015,T2026-0002,PAST_EXPERIENCE_PROOF,TRUE,doc/G015/past_experience_proof.pdf,,GS0065
BID-G015-T2026-0002,G015,T2026-0002,EPFO_ESIC_COMPLIANCE_CERTIFICATE,TRUE,doc/G015/epfo_esic_compliance_certificate.pdf,,GS0066
BID-G015-T2026-0002,G015,T2026-0002,GST_CERTIFICATE,TRUE,doc/G015/gst_certificate.pdf,,GS0067
BID-G016-T2026-0002,G016,T2026-0002,PAST_EXPERIENCE_PROOF,TRUE,doc/G016/past_experience_proof.pdf,,GS0068
BID-G016-T2026-0002,G016,T2026-0002,EPFO_ESIC_COMPLIANCE_CERTIFICATE,TRUE,doc/G016/epfo_esic_compliance_certificate.pdf,,GS0069
BID-G016-T2026-0002,G016,T2026-0002,GST_CERTIFICATE,TRUE,doc/G016/gst_certificate.pdf,,GS0070
BID-G017-T2026-0002,G017,T2026-0002,PAST_EXPERIENCE_PROOF,TRUE,doc/G017/past_experience_proof.pdf,,GS0071
BID-G017-T2026-0002,G017,T2026-0002,EPFO_ESIC_COMPLIANCE_CERTIFICATE,TRUE,doc/G017/epfo_esic_compliance_certificate.pdf,,GS0072
BID-G017-T2026-0002,G017,T2026-0002,GST_CERTIFICATE,TRUE,doc/G017/gst_certificate.pdf,,GS0073
BID-G018-T2026-0002,G018,T2026-0002,PAST_EXPERIENCE_PROOF,TRUE,doc/G018/past_experience_proof.pdf,,GS0074
BID-G018-T2026-0002,G018,T2026-0002,EPFO_ESIC_COMPLIANCE_CERTIFICATE,TRUE,doc/G018/epfo_esic_compliance_certificate.pdf,,GS0075
BID-G018-T2026-0002,G018,T2026-0002,GST_CERTIFICATE,TRUE,doc/G018/gst_certificate.pdf,,GS0076
BID-G019-T2026-0002,G019,T2026-0002,PAST_EXPERIENCE_PROOF,TRUE,doc/G019/past_experience_proof.pdf,,GS0077
BID-G019-T2026-0002,G019,T2026-0002,EPFO_ESIC_COMPLIANCE_CERTIFICATE,TRUE,doc/G019/epfo_esic_compliance_certificate.pdf,,GS0078
BID-G019-T2026-0002,G019,T2026-0002,GST_CERTIFICATE,TRUE,doc/G019/gst_certificate.pdf,,GS0079
BID-G020-T2026-0003,G020,T2026-0003,MII_LOCAL_CONTENT_SELF_CERTIFICATE,TRUE,doc/G020/mii_local_content_self_certificate.pdf,,GS0080
BID-G020-T2026-0003,G020,T2026-0003,QUALITY_BIS_CERTIFICATE,TRUE,doc/G020/quality_bis_certificate.pdf,,GS0081
BID-G020-T2026-0003,G020,T2026-0003,EMD_EXEMPTION_PROOF,TRUE,doc/G020/emd_exemption_proof.pdf,,GS0082
BID-G020-T2026-0003,G020,T2026-0003,GST_CERTIFICATE,TRUE,doc/G020/gst_certificate.pdf,,GS0083
BID-G021-T2026-0003,G021,T2026-0003,MII_LOCAL_CONTENT_SELF_CERTIFICATE,TRUE,doc/G021/mii_local_content_self_certificate.pdf,,GS0084
BID-G021-T2026-0003,G021,T2026-0003,QUALITY_BIS_CERTIFICATE,TRUE,doc/G021/quality_bis_certificate.pdf,,GS0085
BID-G021-T2026-0003,G021,T2026-0003,EMD_EXEMPTION_PROOF,TRUE,doc/G021/emd_exemption_proof.pdf,,GS0086
BID-G021-T2026-0003,G021,T2026-0003,GST_CERTIFICATE,TRUE,doc/G021/gst_certificate.pdf,,GS0087
BID-G022-T2026-0003,G022,T2026-0003,MII_LOCAL_CONTENT_SELF_CERTIFICATE,TRUE,doc/G022/mii_local_content_self_certificate.pdf,,GS0088
BID-G022-T2026-0003,G022,T2026-0003,QUALITY_BIS_CERTIFICATE,TRUE,doc/G022/quality_bis_certificate.pdf,,GS0089
BID-G022-T2026-0003,G022,T2026-0003,EMD_EXEMPTION_PROOF,TRUE,doc/G022/emd_exemption_proof.pdf,,GS0090
BID-G022-T2026-0003,G022,T2026-0003,GST_CERTIFICATE,TRUE,doc/G022/gst_certificate.pdf,Trade name on certificate differs from GSTN record,GS0091
BID-G023-T2026-0003,G023,T2026-0003,MII_LOCAL_CONTENT_SELF_CERTIFICATE,TRUE,doc/G023/mii_local_content_self_certificate.pdf,,GS0092
BID-G023-T2026-0003,G023,T2026-0003,QUALITY_BIS_CERTIFICATE,TRUE,doc/G023/quality_bis_certificate.pdf,,GS0093
BID-G023-T2026-0003,G023,T2026-0003,EMD_EXEMPTION_PROOF,TRUE,doc/G023/emd_exemption_proof.pdf,,GS0094
BID-G023-T2026-0003,G023,T2026-0003,GST_CERTIFICATE,TRUE,doc/G023/gst_certificate.pdf,Trade name on certificate differs from GSTN record,GS0095
BID-G024-T2026-0003,G024,T2026-0003,MII_LOCAL_CONTENT_SELF_CERTIFICATE,TRUE,doc/G024/mii_local_content_self_certificate.pdf,,GS0096
BID-G024-T2026-0003,G024,T2026-0003,QUALITY_BIS_CERTIFICATE,TRUE,doc/G024/quality_bis_certificate.pdf,,GS0097
BID-G024-T2026-0003,G024,T2026-0003,EMD_EXEMPTION_PROOF,TRUE,doc/G024/emd_exemption_proof.pdf,,GS0098
BID-G024-T2026-0003,G024,T2026-0003,GST_CERTIFICATE,TRUE,doc/G024/gst_certificate.pdf,,GS0099
BID-G025-T2026-0003,G025,T2026-0003,MII_LOCAL_CONTENT_SELF_CERTIFICATE,TRUE,doc/G025/mii_local_content_self_certificate.pdf,,GS0100
BID-G025-T2026-0003,G025,T2026-0003,QUALITY_BIS_CERTIFICATE,TRUE,doc/G025/quality_bis_certificate.pdf,,GS0101
BID-G025-T2026-0003,G025,T2026-0003,EMD_EXEMPTION_PROOF,TRUE,doc/G025/emd_exemption_proof.pdf,,GS0102
BID-G025-T2026-0003,G025,T2026-0003,GST_CERTIFICATE,TRUE,doc/G025/gst_certificate.pdf,,GS0103
BID-G026-T2026-0003,G026,T2026-0003,MII_LOCAL_CONTENT_SELF_CERTIFICATE,TRUE,doc/G026/mii_local_content_self_certificate.pdf,,GS0104
BID-G026-T2026-0003,G026,T2026-0003,QUALITY_BIS_CERTIFICATE,TRUE,doc/G026/quality_bis_certificate.pdf,,GS0105
BID-G026-T2026-0003,G026,T2026-0003,EMD_EXEMPTION_PROOF,TRUE,doc/G026/emd_exemption_proof.pdf,,GS0106
BID-G026-T2026-0003,G026,T2026-0003,GST_CERTIFICATE,TRUE,doc/G026/gst_certificate.pdf,,GS0107
BID-G027-T2026-0003,G027,T2026-0003,MII_LOCAL_CONTENT_SELF_CERTIFICATE,TRUE,doc/G027/mii_local_content_self_certificate.pdf,,GS0108
BID-G027-T2026-0003,G027,T2026-0003,QUALITY_BIS_CERTIFICATE,TRUE,doc/G027/quality_bis_certificate.pdf,,GS0109
BID-G027-T2026-0003,G027,T2026-0003,EMD_EXEMPTION_PROOF,TRUE,doc/G027/emd_exemption_proof.pdf,,GS0110
BID-G027-T2026-0003,G027,T2026-0003,GST_CERTIFICATE,TRUE,doc/G027/gst_certificate.pdf,,GS0111
BID-G028-T2026-0003,G028,T2026-0003,MII_LOCAL_CONTENT_SELF_CERTIFICATE,TRUE,doc/G028/mii_local_content_self_certificate.pdf,,GS0112
BID-G028-T2026-0003,G028,T2026-0003,QUALITY_BIS_CERTIFICATE,TRUE,doc/G028/quality_bis_certificate.pdf,,GS0113
BID-G028-T2026-0003,G028,T2026-0003,EMD_EXEMPTION_PROOF,TRUE,doc/G028/emd_exemption_proof.pdf,,GS0114
BID-G028-T2026-0003,G028,T2026-0003,GST_CERTIFICATE,TRUE,doc/G028/gst_certificate.pdf,,GS0115
BID-G029-T2026-0004,G029,T2026-0004,PAST_EXPERIENCE_PROOF,TRUE,doc/G029/past_experience_proof.pdf,,GS0116
BID-G029-T2026-0004,G029,T2026-0004,TURNOVER_CERTIFICATE_CA,TRUE,doc/G029/turnover_certificate_ca.pdf,,GS0117
BID-G029-T2026-0004,G029,T2026-0004,EPFO_ESIC_COMPLIANCE_CERTIFICATE,TRUE,doc/G029/epfo_esic_compliance_certificate.pdf,,GS0118
BID-G029-T2026-0004,G029,T2026-0004,GST_CERTIFICATE,TRUE,doc/G029/gst_certificate.pdf,,GS0119
BID-G030-T2026-0004,G030,T2026-0004,PAST_EXPERIENCE_PROOF,TRUE,doc/G030/past_experience_proof.pdf,,GS0120
BID-G030-T2026-0004,G030,T2026-0004,TURNOVER_CERTIFICATE_CA,TRUE,doc/G030/turnover_certificate_ca.pdf,,GS0121
BID-G030-T2026-0004,G030,T2026-0004,EPFO_ESIC_COMPLIANCE_CERTIFICATE,TRUE,doc/G030/epfo_esic_compliance_certificate.pdf,,GS0122
BID-G030-T2026-0004,G030,T2026-0004,GST_CERTIFICATE,TRUE,doc/G030/gst_certificate.pdf,,GS0123
BID-G031-T2026-0004,G031,T2026-0004,PAST_EXPERIENCE_PROOF,TRUE,doc/G031/past_experience_proof.pdf,,GS0124
BID-G031-T2026-0004,G031,T2026-0004,TURNOVER_CERTIFICATE_CA,TRUE,doc/G031/turnover_certificate_ca.pdf,,GS0125
BID-G031-T2026-0004,G031,T2026-0004,EPFO_ESIC_COMPLIANCE_CERTIFICATE,TRUE,doc/G031/epfo_esic_compliance_certificate.pdf,,GS0126
BID-G031-T2026-0004,G031,T2026-0004,GST_CERTIFICATE,TRUE,doc/G031/gst_certificate.pdf,Trade name on certificate differs from GSTN record,GS0127
BID-G032-T2026-0004,G032,T2026-0004,PAST_EXPERIENCE_PROOF,TRUE,doc/G032/past_experience_proof.pdf,,GS0128
BID-G032-T2026-0004,G032,T2026-0004,TURNOVER_CERTIFICATE_CA,TRUE,doc/G032/turnover_certificate_ca.pdf,,GS0129
BID-G032-T2026-0004,G032,T2026-0004,EPFO_ESIC_COMPLIANCE_CERTIFICATE,TRUE,doc/G032/epfo_esic_compliance_certificate.pdf,,GS0130
BID-G032-T2026-0004,G032,T2026-0004,GST_CERTIFICATE,TRUE,doc/G032/gst_certificate.pdf,,GS0131
BID-G033-T2026-0004,G033,T2026-0004,PAST_EXPERIENCE_PROOF,TRUE,doc/G033/past_experience_proof.pdf,,GS0132
BID-G033-T2026-0004,G033,T2026-0004,TURNOVER_CERTIFICATE_CA,TRUE,doc/G033/turnover_certificate_ca.pdf,,GS0133
BID-G033-T2026-0004,G033,T2026-0004,EPFO_ESIC_COMPLIANCE_CERTIFICATE,TRUE,doc/G033/epfo_esic_compliance_certificate.pdf,,GS0134
BID-G033-T2026-0004,G033,T2026-0004,GST_CERTIFICATE,TRUE,doc/G033/gst_certificate.pdf,,GS0135
BID-G034-T2026-0004,G034,T2026-0004,PAST_EXPERIENCE_PROOF,TRUE,doc/G034/past_experience_proof.pdf,,GS0136
BID-G034-T2026-0004,G034,T2026-0004,TURNOVER_CERTIFICATE_CA,TRUE,doc/G034/turnover_certificate_ca.pdf,,GS0137
BID-G034-T2026-0004,G034,T2026-0004,EPFO_ESIC_COMPLIANCE_CERTIFICATE,TRUE,doc/G034/epfo_esic_compliance_certificate.pdf,,GS0138
BID-G034-T2026-0004,G034,T2026-0004,GST_CERTIFICATE,TRUE,doc/G034/gst_certificate.pdf,,GS0139
BID-G035-T2026-0004,G035,T2026-0004,PAST_EXPERIENCE_PROOF,TRUE,doc/G035/past_experience_proof.pdf,,GS0140
BID-G035-T2026-0004,G035,T2026-0004,TURNOVER_CERTIFICATE_CA,TRUE,doc/G035/turnover_certificate_ca.pdf,,GS0141
BID-G035-T2026-0004,G035,T2026-0004,EPFO_ESIC_COMPLIANCE_CERTIFICATE,TRUE,doc/G035/epfo_esic_compliance_certificate.pdf,,GS0142
BID-G035-T2026-0004,G035,T2026-0004,GST_CERTIFICATE,TRUE,doc/G035/gst_certificate.pdf,,GS0143
BID-G036-T2026-0004,G036,T2026-0004,PAST_EXPERIENCE_PROOF,TRUE,doc/G036/past_experience_proof.pdf,,GS0144
BID-G036-T2026-0004,G036,T2026-0004,TURNOVER_CERTIFICATE_CA,TRUE,doc/G036/turnover_certificate_ca.pdf,,GS0145
BID-G036-T2026-0004,G036,T2026-0004,EPFO_ESIC_COMPLIANCE_CERTIFICATE,TRUE,doc/G036/epfo_esic_compliance_certificate.pdf,,GS0146
BID-G036-T2026-0004,G036,T2026-0004,GST_CERTIFICATE,TRUE,doc/G036/gst_certificate.pdf,,GS0147
BID-G037-T2026-0004,G037,T2026-0004,PAST_EXPERIENCE_PROOF,TRUE,doc/G037/past_experience_proof.pdf,,GS0148
BID-G037-T2026-0004,G037,T2026-0004,TURNOVER_CERTIFICATE_CA,TRUE,doc/G037/turnover_certificate_ca.pdf,,GS0149
BID-G037-T2026-0004,G037,T2026-0004,EPFO_ESIC_COMPLIANCE_CERTIFICATE,TRUE,doc/G037/epfo_esic_compliance_certificate.pdf,,GS0150
BID-G037-T2026-0004,G037,T2026-0004,GST_CERTIFICATE,TRUE,doc/G037/gst_certificate.pdf,,GS0151
BID-G038-T2026-0004,G038,T2026-0004,PAST_EXPERIENCE_PROOF,TRUE,doc/G038/past_experience_proof.pdf,,GS0152
BID-G038-T2026-0004,G038,T2026-0004,TURNOVER_CERTIFICATE_CA,TRUE,doc/G038/turnover_certificate_ca.pdf,,GS0153
BID-G038-T2026-0004,G038,T2026-0004,EPFO_ESIC_COMPLIANCE_CERTIFICATE,TRUE,doc/G038/epfo_esic_compliance_certificate.pdf,,GS0154
BID-G038-T2026-0004,G038,T2026-0004,GST_CERTIFICATE,TRUE,doc/G038/gst_certificate.pdf,,GS0155
BID-G039-T2026-0005,G039,T2026-0005,MII_LOCAL_CONTENT_SELF_CERTIFICATE,TRUE,doc/G039/mii_local_content_self_certificate.pdf,,GS0156
BID-G039-T2026-0005,G039,T2026-0005,QUALITY_BIS_CERTIFICATE,TRUE,doc/G039/quality_bis_certificate.pdf,,GS0157
BID-G039-T2026-0005,G039,T2026-0005,EMD_EXEMPTION_PROOF,TRUE,doc/G039/emd_exemption_proof.pdf,,GS0158
BID-G039-T2026-0005,G039,T2026-0005,GST_CERTIFICATE,TRUE,doc/G039/gst_certificate.pdf,,GS0159
BID-G040-T2026-0005,G040,T2026-0005,MII_LOCAL_CONTENT_SELF_CERTIFICATE,TRUE,doc/G040/mii_local_content_self_certificate.pdf,,GS0160
BID-G040-T2026-0005,G040,T2026-0005,QUALITY_BIS_CERTIFICATE,TRUE,doc/G040/quality_bis_certificate.pdf,,GS0161
BID-G040-T2026-0005,G040,T2026-0005,EMD_EXEMPTION_PROOF,FALSE,,Not submitted - Annexure-D - MSE Purchase Preference Representation is mandatory for this tender,GS0162
BID-G040-T2026-0005,G040,T2026-0005,GST_CERTIFICATE,TRUE,doc/G040/gst_certificate.pdf,,GS0163
BID-G041-T2026-0005,G041,T2026-0005,MII_LOCAL_CONTENT_SELF_CERTIFICATE,TRUE,doc/G041/mii_local_content_self_certificate.pdf,,GS0164
BID-G041-T2026-0005,G041,T2026-0005,QUALITY_BIS_CERTIFICATE,TRUE,doc/G041/quality_bis_certificate.pdf,,GS0165
BID-G041-T2026-0005,G041,T2026-0005,EMD_EXEMPTION_PROOF,TRUE,doc/G041/emd_exemption_proof.pdf,,GS0166
BID-G041-T2026-0005,G041,T2026-0005,GST_CERTIFICATE,TRUE,doc/G041/gst_certificate.pdf,,GS0167
BID-G042-T2026-0005,G042,T2026-0005,MII_LOCAL_CONTENT_SELF_CERTIFICATE,TRUE,doc/G042/mii_local_content_self_certificate.pdf,,GS0168
BID-G042-T2026-0005,G042,T2026-0005,QUALITY_BIS_CERTIFICATE,TRUE,doc/G042/quality_bis_certificate.pdf,,GS0169
BID-G042-T2026-0005,G042,T2026-0005,EMD_EXEMPTION_PROOF,TRUE,doc/G042/emd_exemption_proof.pdf,,GS0170
BID-G042-T2026-0005,G042,T2026-0005,GST_CERTIFICATE,TRUE,doc/G042/gst_certificate.pdf,,GS0171
BID-G043-T2026-0005,G043,T2026-0005,MII_LOCAL_CONTENT_SELF_CERTIFICATE,TRUE,doc/G043/mii_local_content_self_certificate.pdf,,GS0172
BID-G043-T2026-0005,G043,T2026-0005,QUALITY_BIS_CERTIFICATE,TRUE,doc/G043/quality_bis_certificate.pdf,,GS0173
BID-G043-T2026-0005,G043,T2026-0005,EMD_EXEMPTION_PROOF,TRUE,doc/G043/emd_exemption_proof.pdf,,GS0174
BID-G043-T2026-0005,G043,T2026-0005,GST_CERTIFICATE,TRUE,doc/G043/gst_certificate.pdf,,GS0175
BID-G044-T2026-0005,G044,T2026-0005,MII_LOCAL_CONTENT_SELF_CERTIFICATE,TRUE,doc/G044/mii_local_content_self_certificate.pdf,,GS0176
BID-G044-T2026-0005,G044,T2026-0005,QUALITY_BIS_CERTIFICATE,TRUE,doc/G044/quality_bis_certificate.pdf,,GS0177
BID-G044-T2026-0005,G044,T2026-0005,EMD_EXEMPTION_PROOF,TRUE,doc/G044/emd_exemption_proof.pdf,,GS0178
BID-G044-T2026-0005,G044,T2026-0005,GST_CERTIFICATE,TRUE,doc/G044/gst_certificate.pdf,,GS0179
BID-G045-T2026-0005,G045,T2026-0005,MII_LOCAL_CONTENT_SELF_CERTIFICATE,TRUE,doc/G045/mii_local_content_self_certificate.pdf,,GS0180
BID-G045-T2026-0005,G045,T2026-0005,QUALITY_BIS_CERTIFICATE,TRUE,doc/G045/quality_bis_certificate.pdf,,GS0181
BID-G045-T2026-0005,G045,T2026-0005,EMD_EXEMPTION_PROOF,TRUE,doc/G045/emd_exemption_proof.pdf,,GS0182
BID-G045-T2026-0005,G045,T2026-0005,GST_CERTIFICATE,TRUE,doc/G045/gst_certificate.pdf,,GS0183
BID-G046-T2026-0005,G046,T2026-0005,MII_LOCAL_CONTENT_SELF_CERTIFICATE,TRUE,doc/G046/mii_local_content_self_certificate.pdf,,GS0184
BID-G046-T2026-0005,G046,T2026-0005,QUALITY_BIS_CERTIFICATE,TRUE,doc/G046/quality_bis_certificate.pdf,,GS0185
BID-G046-T2026-0005,G046,T2026-0005,EMD_EXEMPTION_PROOF,TRUE,doc/G046/emd_exemption_proof.pdf,,GS0186
BID-G046-T2026-0005,G046,T2026-0005,GST_CERTIFICATE,TRUE,doc/G046/gst_certificate.pdf,Trade name on certificate differs from GSTN record,GS0187
BID-G047-T2026-0005,G047,T2026-0005,MII_LOCAL_CONTENT_SELF_CERTIFICATE,TRUE,doc/G047/mii_local_content_self_certificate.pdf,,GS0188
BID-G047-T2026-0005,G047,T2026-0005,QUALITY_BIS_CERTIFICATE,TRUE,doc/G047/quality_bis_certificate.pdf,,GS0189
BID-G047-T2026-0005,G047,T2026-0005,EMD_EXEMPTION_PROOF,FALSE,,Not submitted - Annexure-D - MSE Purchase Preference Representation is mandatory for this tender,GS0190
BID-G047-T2026-0005,G047,T2026-0005,GST_CERTIFICATE,TRUE,doc/G047/gst_certificate.pdf,,GS0191
BID-G048-T2026-0006,G048,T2026-0006,PAST_EXPERIENCE_PROOF,TRUE,doc/G048/past_experience_proof.pdf,,GS0192
BID-G048-T2026-0006,G048,T2026-0006,EPFO_ESIC_COMPLIANCE_CERTIFICATE,TRUE,doc/G048/epfo_esic_compliance_certificate.pdf,,GS0193
BID-G048-T2026-0006,G048,T2026-0006,PSARA_LICENSE,TRUE,doc/G048/psara_license.pdf,,GS0194
BID-G048-T2026-0006,G048,T2026-0006,GST_CERTIFICATE,TRUE,doc/G048/gst_certificate.pdf,,GS0195
BID-G049-T2026-0006,G049,T2026-0006,PAST_EXPERIENCE_PROOF,TRUE,doc/G049/past_experience_proof.pdf,,GS0196
BID-G049-T2026-0006,G049,T2026-0006,EPFO_ESIC_COMPLIANCE_CERTIFICATE,TRUE,doc/G049/epfo_esic_compliance_certificate.pdf,,GS0197
BID-G049-T2026-0006,G049,T2026-0006,PSARA_LICENSE,TRUE,doc/G049/psara_license.pdf,,GS0198
BID-G049-T2026-0006,G049,T2026-0006,GST_CERTIFICATE,TRUE,doc/G049/gst_certificate.pdf,,GS0199
BID-G050-T2026-0006,G050,T2026-0006,PAST_EXPERIENCE_PROOF,TRUE,doc/G050/past_experience_proof.pdf,,GS0200
BID-G050-T2026-0006,G050,T2026-0006,EPFO_ESIC_COMPLIANCE_CERTIFICATE,TRUE,doc/G050/epfo_esic_compliance_certificate.pdf,,GS0201
BID-G050-T2026-0006,G050,T2026-0006,PSARA_LICENSE,TRUE,doc/G050/psara_license.pdf,,GS0202
BID-G050-T2026-0006,G050,T2026-0006,GST_CERTIFICATE,TRUE,doc/G050/gst_certificate.pdf,,GS0203
BID-G051-T2026-0006,G051,T2026-0006,PAST_EXPERIENCE_PROOF,TRUE,doc/G051/past_experience_proof.pdf,,GS0204
BID-G051-T2026-0006,G051,T2026-0006,EPFO_ESIC_COMPLIANCE_CERTIFICATE,TRUE,doc/G051/epfo_esic_compliance_certificate.pdf,,GS0205
BID-G051-T2026-0006,G051,T2026-0006,PSARA_LICENSE,TRUE,doc/G051/psara_license.pdf,,GS0206
BID-G051-T2026-0006,G051,T2026-0006,GST_CERTIFICATE,TRUE,doc/G051/gst_certificate.pdf,,GS0207
BID-G052-T2026-0006,G052,T2026-0006,PAST_EXPERIENCE_PROOF,TRUE,doc/G052/past_experience_proof.pdf,,GS0208
BID-G052-T2026-0006,G052,T2026-0006,EPFO_ESIC_COMPLIANCE_CERTIFICATE,TRUE,doc/G052/epfo_esic_compliance_certificate.pdf,,GS0209
BID-G052-T2026-0006,G052,T2026-0006,PSARA_LICENSE,TRUE,doc/G052/psara_license.pdf,,GS0210
BID-G052-T2026-0006,G052,T2026-0006,GST_CERTIFICATE,TRUE,doc/G052/gst_certificate.pdf,Trade name on certificate differs from GSTN record,GS0211
BID-G053-T2026-0006,G053,T2026-0006,PAST_EXPERIENCE_PROOF,TRUE,doc/G053/past_experience_proof.pdf,,GS0212
BID-G053-T2026-0006,G053,T2026-0006,EPFO_ESIC_COMPLIANCE_CERTIFICATE,TRUE,doc/G053/epfo_esic_compliance_certificate.pdf,,GS0213
BID-G053-T2026-0006,G053,T2026-0006,PSARA_LICENSE,TRUE,doc/G053/psara_license.pdf,,GS0214
BID-G053-T2026-0006,G053,T2026-0006,GST_CERTIFICATE,TRUE,doc/G053/gst_certificate.pdf,,GS0215
BID-G054-T2026-0006,G054,T2026-0006,PAST_EXPERIENCE_PROOF,TRUE,doc/G054/past_experience_proof.pdf,,GS0216
BID-G054-T2026-0006,G054,T2026-0006,EPFO_ESIC_COMPLIANCE_CERTIFICATE,TRUE,doc/G054/epfo_esic_compliance_certificate.pdf,,GS0217
BID-G054-T2026-0006,G054,T2026-0006,PSARA_LICENSE,TRUE,doc/G054/psara_license.pdf,,GS0218
BID-G054-T2026-0006,G054,T2026-0006,GST_CERTIFICATE,TRUE,doc/G054/gst_certificate.pdf,,GS0219
BID-G055-T2026-0006,G055,T2026-0006,PAST_EXPERIENCE_PROOF,TRUE,doc/G055/past_experience_proof.pdf,,GS0220
BID-G055-T2026-0006,G055,T2026-0006,EPFO_ESIC_COMPLIANCE_CERTIFICATE,TRUE,doc/G055/epfo_esic_compliance_certificate.pdf,,GS0221
BID-G055-T2026-0006,G055,T2026-0006,PSARA_LICENSE,TRUE,doc/G055/psara_license.pdf,,GS0222
BID-G055-T2026-0006,G055,T2026-0006,GST_CERTIFICATE,TRUE,doc/G055/gst_certificate.pdf,,GS0223
BID-G056-T2026-0006,G056,T2026-0006,PAST_EXPERIENCE_PROOF,TRUE,doc/G056/past_experience_proof.pdf,,GS0224
BID-G056-T2026-0006,G056,T2026-0006,EPFO_ESIC_COMPLIANCE_CERTIFICATE,TRUE,doc/G056/epfo_esic_compliance_certificate.pdf,,GS0225
BID-G056-T2026-0006,G056,T2026-0006,PSARA_LICENSE,TRUE,doc/G056/psara_license.pdf,,GS0226
BID-G056-T2026-0006,G056,T2026-0006,GST_CERTIFICATE,TRUE,doc/G056/gst_certificate.pdf,,GS0227
BID-G057-T2026-0006,G057,T2026-0006,PAST_EXPERIENCE_PROOF,FALSE,,Not submitted - Annexure-C - Checklist cum Past Experience Proforma is mandatory for this tender,GS0228
BID-G057-T2026-0006,G057,T2026-0006,EPFO_ESIC_COMPLIANCE_CERTIFICATE,TRUE,doc/G057/epfo_esic_compliance_certificate.pdf,,GS0229
BID-G057-T2026-0006,G057,T2026-0006,PSARA_LICENSE,TRUE,doc/G057/psara_license.pdf,,GS0230
BID-G057-T2026-0006,G057,T2026-0006,GST_CERTIFICATE,TRUE,doc/G057/gst_certificate.pdf,Trade name on certificate differs from GSTN record,GS0231
